-- =============================================
-- 乒乓球培训管理系统测试数据插入脚本
-- =============================================

-- 1. 插入校区数据 (campuses)
INSERT INTO campuses (name, address, contact_person, contact_phone, contact_email, parent_campus_id, is_center) VALUES
('中心校区', '北京市海淀区中关村大街1号', '张主任', '010-12345678', 'center@ttms.com', NULL, 1),
('朝阳分校', '北京市朝阳区建国路88号', '李主任', '010-87654321', 'chaoyang@ttms.com', 1, 0),
('海淀分校', '北京市海淀区中关村南大街2号', '王主任', '010-11111111', 'haidian@ttms.com', 1, 0),
('西城分校', '北京市西城区金融街3号', '赵主任', '010-22222222', 'xicheng@ttms.com', 1, 0);

-- 2. 插入用户数据 (user)
INSERT INTO user (no, name, password, age, sex, phone, role_id, isvalid, campus_id, balance) VALUES
-- 管理员
('1', 'SuperAdminTest', '123', 35, 1, '13800000011', 0, 'Y', 1, 0),
('2', 'AdminTest', '123', 35, 1, '13800000022', 1, 'Y', 1, 0),
('3', 'CoachTest', '123', 35, 1, '13800000033', 2, 'Y', 1, 0),
('4', 'StudentTest', '123', 15, 1, '13800000044', 3, 'Y', 1, 10000),
('admin001', '超级管理员', '123456', 35, 1, '13800000001', 0, 'Y', 1, 0),
('admin002', '朝阳管理员', '123456', 32, 0, '13800000002', 1, 'Y', 2, 0),
('admin003', '海淀管理员', '123456', 30, 1, '13800000003', 1, 'Y', 3, 0),
('admin004', '西城管理员', '123456', 28, 0, '13800000004', 1, 'Y', 4, 0),
-- 教练
('coach001', '张教练', '123456', 28, 1, '13800000011', 2, 'Y', 1, 500),
('coach002', '李教练', '123456', 30, 0, '13800000012', 2, 'Y', 1, 600),
('coach003', '王教练', '123456', 32, 1, '13800000013', 2, 'Y', 2, 550),
('coach004', '赵教练', '123456', 29, 0, '13800000014', 2, 'Y', 2, 480),
('coach005', '陈教练', '123456', 31, 1, '13800000015', 2, 'Y', 3, 520),
('coach006', '刘教练', '123456', 27, 0, '13800000016', 2, 'Y', 3, 490),
('coach007', '杨教练', '123456', 33, 1, '13800000017', 2, 'Y', 4, 530),
('coach008', '黄教练', '123456', 26, 0, '13800000018', 2, 'Y', 4, 470),
-- 学生
('student001', '张小明', '123456', 18, 1, '13800000101', 3, 'Y', 1, 200),
('student002', '李小红', '123456', 17, 0, '13800000102', 3, 'Y', 1, 150),
('student003', '王小刚', '123456', 19, 1, '13800000103', 3, 'Y', 1, 180),
('student004', '赵小丽', '123456', 18, 0, '13800000104', 3, 'Y', 1, 220),
('student005', '陈小强', '123456', 17, 1, '13800000105', 3, 'Y', 2, 190),
('student006', '刘小美', '123456', 18, 0, '13800000106', 3, 'Y', 2, 160),
('student007', '杨小军', '123456', 19, 1, '13800000107', 3, 'Y', 2, 210),
('student008', '黄小芳', '123456', 17, 0, '13800000108', 3, 'Y', 2, 170),
('student009', '周小华', '123456', 18, 1, '13800000109', 3, 'Y', 3, 230),
('student010', '吴小燕', '123456', 19, 0, '13800000110', 3, 'Y', 3, 140),
('student011', '郑小斌', '123456', 18, 1, '13800000111', 3, 'Y', 3, 200),
('student012', '孙小霞', '123456', 17, 0, '13800000112', 3, 'Y', 3, 180),
('student013', '朱小峰', '123456', 19, 1, '13800000113', 3, 'Y', 4, 190),
('student014', '马小玲', '123456', 18, 0, '13800000114', 3, 'Y', 4, 210),
('student015', '胡小东', '123456', 17, 1, '13800000115', 3, 'Y', 4, 160),
('student016', '郭小兰', '123456', 18, 0, '13800000116', 3, 'Y', 4, 220),
('student017', '何小涛', '123456', 19, 1, '13800000117', 3, 'Y', 1, 170),
('student018', '林小琴', '123456', 18, 0, '13800000118', 3, 'Y', 1, 200),
('student019', '罗小波', '123456', 17, 1, '13800000119', 3, 'Y', 2, 180),
('student020', '梁小娟', '123456', 19, 0, '13800000120', 3, 'Y', 2, 190),
('student021', '宋小伟', '123456', 18, 1, '13800000121', 3, 'Y', 3, 210),
('student022', '谢小娜', '123456', 17, 0, '13800000122', 3, 'Y', 3, 150),
('student023', '唐小军', '123456', 19, 1, '13800000123', 3, 'Y', 4, 200),
('student024', '许小丽', '123456', 18, 0, '13800000124', 3, 'Y', 4, 170);

-- 3. 插入教练详细信息 (coach_users)
INSERT INTO coach_users (coach_no, name, gender, age, phone, user_id, campus_id, achievements, photo_url, level, audit_status, hourly_rate) VALUES
('C00X', 'CoachTest', 'M', 35, '13800000033', 3, 1, '月球冠军', '', 3, 1, 200),
('C001', '张教练', 'M', 28, '13800000011', 5, 1, '北京市青年乒乓球比赛冠军', '/images/coach/zhang.jpg', 3, 1, 200),
('C002', '李教练', 'F', 30, '13800000012', 6, 1, '全国大学生乒乓球联赛亚军', '/images/coach/li.jpg', 2, 1, 150),
('C003', '王教练', 'M', 32, '13800000013', 7, 2, '北京市高校乒乓球比赛季军', '/images/coach/wang.jpg', 3, 1, 200),
('C004', '赵教练', 'F', 29, '13800000014', 8, 2, '海淀区乒乓球比赛冠军', '/images/coach/zhao.jpg', 2, 1, 150),
('C005', '陈教练', 'M', 31, '13800000015', 9, 3, '北京市青少年乒乓球比赛亚军', '/images/coach/chen.jpg', 3, 1, 200),
('C006', '刘教练', 'F', 27, '13800000016', 10, 3, '海淀区高校乒乓球比赛冠军', '/images/coach/liu.jpg', 1, 1, 80),
('C007', '杨教练', 'M', 33, '13800000017', 11, 4, '全国高校乒乓球联赛季军', '/images/coach/yang.jpg', 3, 2, 200),
('C008', '黄教练', 'F', 26, '13800000018', 12, 4, '西城区乒乓球比赛冠军', '/images/coach/huang.jpg', 1, 0, 80);

-- 4. 插入学生详细信息 (student_users)
INSERT INTO student_users (student_no, name, gender, age, phone, user_id, class_grade, training_hours, payment_status, campus_id, photo_url, campus_name, balance) VALUES
('S202300X', 'StudentTest', 'M', 15, '13800000044', 4, '计算机科学与技术2023级1班', 20, 1, 1, '', '中心校区', 10000),
('S2023001', '张小明', 'M', 18, '13800000101', 13, '计算机科学与技术2023级1班', 20, 1, 1, '/images/student/zhang.jpg', '中心校区', 200),
('S2023002', '李小红', 'F', 17, '13800000102', 14, '软件工程2023级2班', 15, 1, 1, '/images/student/li.jpg', '中心校区', 150),
('S2023003', '王小刚', 'M', 19, '13800000103', 15, '网络工程2023级1班', 25, 1, 1, '/images/student/wang.jpg', '中心校区', 180),
('S2023004', '赵小丽', 'F', 18, '13800000104', 16, '信息安全2023级2班', 18, 1, 1, '/images/student/zhao.jpg', '中心校区', 220),
('S2023005', '陈小强', 'M', 17, '13800000105', 17, '数据科学与大数据技术2023级1班', 22, 1, 2, '/images/student/chen.jpg', '朝阳分校', 190),
('S2023006', '刘小美', 'F', 18, '13800000106', 18, '人工智能2023级2班', 16, 1, 2, '/images/student/liu.jpg', '朝阳分校', 160),
('S2023007', '杨小军', 'M', 19, '13800000107', 19, '物联网工程2023级1班', 30, 1, 2, '/images/student/yang.jpg', '朝阳分校', 210),
('S2023008', '黄小芳', 'F', 17, '13800000108', 20, '电子科学与技术2023级2班', 12, 1, 2, '/images/student/huang.jpg', '朝阳分校', 170),
('S2023009', '周小华', 'M', 18, '13800000109', 21, '通信工程2023级1班', 28, 1, 3, '/images/student/zhou.jpg', '海淀分校', 230),
('S2023010', '吴小燕', 'F', 19, '13800000110', 22, '自动化2023级2班', 14, 1, 3, '/images/student/wu.jpg', '海淀分校', 140),
('S2023011', '郑小斌', 'M', 18, '13800000111', 23, '电气工程2023级1班', 26, 1, 3, '/images/student/zheng.jpg', '海淀分校', 200),
('S2023012', '孙小霞', 'F', 17, '13800000112', 24, '机械设计制造2023级2班', 20, 1, 3, '/images/student/sun.jpg', '海淀分校', 180),
('S2023013', '朱小峰', 'M', 19, '13800000113', 25, '土木工程2023级1班', 32, 1, 4, '/images/student/zhu.jpg', '西城分校', 190),
('S2023014', '马小玲', 'F', 18, '13800000114', 26, '建筑学2023级2班', 18, 1, 4, '/images/student/ma.jpg', '西城分校', 210),
('S2023015', '胡小东', 'M', 17, '13800000115', 27, '环境工程2023级1班', 24, 1, 4, '/images/student/hu.jpg', '西城分校', 160),
('S2023016', '郭小兰', 'F', 18, '13800000116', 28, '化学工程2023级2班', 20, 1, 4, '/images/student/guo.jpg', '西城分校', 220),
('S2023017', '何小涛', 'M', 19, '13800000117', 29, '生物工程2023级1班', 26, 1, 1, '/images/student/he.jpg', '中心校区', 170),
('S2023018', '林小琴', 'F', 18, '13800000118', 30, '制药工程2023级2班', 18, 1, 1, '/images/student/lin.jpg', '中心校区', 200),
('S2023019', '罗小波', 'M', 17, '13800000119', 31, '食品科学2023级1班', 22, 1, 2, '/images/student/luo.jpg', '朝阳分校', 180),
('S2023020', '梁小娟', 'F', 19, '13800000120', 32, '园林2023级2班', 20, 1, 2, '/images/student/liang.jpg', '朝阳分校', 190),
('S2023021', '宋小伟', 'M', 18, '13800000121', 33, '农学2023级1班', 28, 1, 3, '/images/student/song.jpg', '海淀分校', 210),
('S2023022', '谢小娜', 'F', 17, '13800000122', 34, '园艺2023级2班', 16, 1, 3, '/images/student/xie.jpg', '海淀分校', 150),
('S2023023', '唐小军', 'M', 19, '13800000123', 35, '植物保护2023级1班', 30, 1, 4, '/images/student/tang.jpg', '西城分校', 200),
('S2023024', '许小丽', 'F', 18, '13800000124', 36, '动物科学2023级2班', 22, 1, 4, '/images/student/xu.jpg', '西城分校', 170);

-- 5. 插入菜单数据 (menu)
INSERT INTO menu (id, menuCode, menuName, menuLevel, menuParentCode, menuClick, menuRight, menuComponent, menuIcon) VALUES
(1, '001', '系统管理', '1', NULL, NULL, '0', NULL, 'el-icon-setting'),
(2, '002', '用户管理', '2', '001', '/SuperAdmin-userManage', '0,1', 'admin/UserManage', 'el-icon-user'),
(3, '003', '管理员管理', '2', '001', '/SuperAdmin-adminManage', '0', 'admin/AdminManage', 'el-icon-s-custom'),
(4, '004', '教练管理', '2', '001', '/SuperAdmin-coachManage', '0,1', 'admin/CoachManage', 'el-icon-user-solid'),
(5, '005', '学生管理', '2', '001', '/SuperAdmin-studentManage', '0,1', 'admin/StudentManage', 'el-icon-user'),
(6, '006', '课程管理', '1', NULL, NULL, '0,1', NULL, 'el-icon-notebook-2'),
(7, '007', '课程信息管理', '2', '006', '/SuperAdmin-courseInfoManage', '0,1', 'course/CourseInfoManage', 'el-icon-collection'),
(8, '008', '学生选课管理', '2', '006', '/SuperAdmin-studentCourseSelection', '0,1', 'admin/StudentCourseSelection', 'el-icon-s-order'),
(9, '009', '教练排课管理', '2', '006', '/SuperAdmin-coachSchedule', '0,1,2', 'admin/CoachSchedule', 'el-icon-date'),
(10, '010', '教学评价管理', '2', '006', '/SuperAdmin-teachingEvaluation', '0,1', 'admin/TeachingEvaluation', 'el-icon-star-on'),
(11, '011', '教练消课管理', '2', '006', '/SuperAdmin-coachCancel', '0,1,2', 'admin/CoachCancel', 'el-icon-document-remove'),
(12, '012', '比赛管理', '1', NULL, NULL, '0,1,3', NULL, 'el-icon-trophy'),
(13, '013', '校区管理', '2', '001', '/SuperAdmin-campus', '0', 'admin/Campus', 'el-icon-school'),
(14, '014', '系统日志', '2', '001', '/SuperAdmin-systemLog', '0', 'admin/SystemLog', 'el-icon-document'),
(15, '015', '月赛报名', '2', '012', '/MatchRegister', '0,1,3', 'match/MatchRegistration', 'el-icon-edit'),
(16, '016', '月赛赛程', '2', '012', '/MatchSchedule', '0,1,2,3', 'match/MatchSchedule', 'el-icon-time'),
(17, '017', '教练模块', '1', NULL, NULL, '2', NULL, 'el-icon-user'),
(18, '018', '个人信息管理', '2', '017', '/coach-profile', '2', 'coach/CoachProfile', 'el-icon-user'),
(19, '019', '学员双选管理', '2', '017', '/coach-selection', '2', 'coach/CoachSelection', 'el-icon-user'),
(20, '020', '课程时间管理', '2', '017', '/coach-schedule', '2', 'coach/CourseSchedule', 'el-icon-date'),
(21, '021', '预约请求管理', '2', '017', '/coach-requests', '2', 'coach/CourseRequests', 'el-icon-bell'),
(22, '022', '我的学员管理', '2', '017', '/coach-students', '2', 'coach/MyStudents', 'el-icon-user'),
(23, '023', '已确认课程', '2', '017', '/coach-courses', '2', 'coach/ConfirmedCourses', 'el-icon-check'),
(24, '024', '学员模块', '1', NULL, NULL, '3', NULL, 'el-icon-user'),
(25, '025', '个人信息', '2', '024', '/student-profile', '3', 'student/Profile', 'el-icon-user'),
(26, '026', '我的预约', '2', '024', '/student-bookings', '3', 'student/Bookings', 'el-icon-date'),
(27, '027', '教练查询', '2', '024', '/student-coach-search', '3', 'student/CoachSearch', 'el-icon-search'),
(28, '028', '教练申请', '2', '024', '/student-coach-application', '3', 'student/CoachApplication', 'el-icon-edit'),
(29, '029', '月赛报名', '2', '024', '/student-monthly-match-registration', '3', 'student/MonthlyMatchRegistration', 'el-icon-edit'),
(30, '030', '月赛赛程', '2', '024', '/student-monthly-match-schedule', '3', 'student/MonthlyMatchSchedule', 'el-icon-time');

-- 9. 插入预约数据 (bookings)
INSERT INTO bookings (student_id, coach_id, coach_name, course_start_time, course_end_time, court_number, course_prices, status, created_time, updated_time) VALUES
(13, 1, '张教练', '2025-10-01 09:00:00', '2025-10-01 10:30:00', '1号球台', 150.00, '已确认', '2025-09-25 10:00:00', '2025-09-25 10:00:00'),
(14, 2, '李教练', '2025-10-01 10:00:00', '2025-10-01 11:30:00', '2号球台', 120.00, '已确认', '2025-09-25 10:05:00', '2025-09-25 10:05:00'),
(15, 1, '张教练', '2025-10-01 14:00:00', '2025-10-01 15:30:00', '3号球台', 150.00, '待确认', '2025-09-25 10:10:00', '2025-09-25 10:10:00'),
(16, 3, '王教练', '2025-10-02 09:00:00', '2025-10-02 10:30:00', '1号球台', 150.00, '已确认', '2025-09-25 10:15:00', '2025-09-25 10:15:00'),
(17, 4, '赵教练', '2025-10-02 10:00:00', '2025-10-02 11:30:00', '2号球台', 120.00, '已确认', '2025-09-25 10:20:00', '2025-09-25 10:20:00'),
(18, 2, '李教练', '2025-10-02 14:00:00', '2025-10-02 15:30:00', '3号球台', 120.00, '待确认', '2025-09-25 10:25:00', '2025-09-25 10:25:00'),
(19, 5, '陈教练', '2025-10-03 09:00:00', '2025-10-03 10:30:00', '1号球台', 200.00, '已确认', '2025-09-25 10:30:00', '2025-09-25 10:30:00'),
(20, 6, '刘教练', '2025-10-03 10:00:00', '2025-10-03 11:30:00', '2号球台', 80.00, '已确认', '2025-09-25 10:35:00', '2025-09-25 10:35:00'),
(21, 3, '王教练', '2025-10-03 14:00:00', '2025-10-03 15:30:00', '3号球台', 150.00, '待确认', '2025-09-25 10:40:00', '2025-09-25 10:40:00'),
(22, 7, '杨教练', '2025-10-04 09:00:00', '2025-10-04 10:30:00', '1号球台', 200.00, '已确认', '2025-09-25 10:45:00', '2025-09-25 10:45:00');

-- 10. 插入课程信息数据 (course_information)
INSERT INTO course_information (course_name, course_types, coach_user, coach_name, course_hours, duration_of_class_hours, course_prices, course_images, course_introduction, hits, praise_len, collect_len, comment_len, student_course_selection_limit_times, status, course_start_time, course_end_time, campus_id) VALUES
('基础乒乓球技巧', '基础班', 1, '张教练', 20.0, '2小时', 3000.0, '/images/course/basic.jpg', '本课程适合零基础学员，从握拍、站位、基本步伐开始教学', 120, 45, 32, 18, 20, '1', '2025-10-01 00:00:00', '2025-12-31 23:59:59', 1),
('中级技术提升', '中级班', 2, '李教练', 25.0, '2.5小时', 4000.0, '/images/course/intermediate.jpg', '适合有一定基础的学员，重点训练正反手技术及基本战术', 95, 38, 25, 15, 15, '1', '2025-10-01 00:00:00', '2025-12-31 23:59:59', 1),
('高级战术训练', '高级班', 5, '陈教练', 30.0, '3小时', 6000.0, '/images/course/advanced.jpg', '面向高水平学员，系统训练各种战术及比赛心理调节', 70, 30, 20, 12, 10, '1', '2025-10-01 00:00:00', '2025-12-31 23:59:59', 3),
('少儿启蒙班', '少儿班', 6, '刘教练', 15.0, '1.5小时', 2000.0, '/images/course/children.jpg', '专门针对6-12岁儿童设计，寓教于乐，培养兴趣', 85, 35, 28, 14, 25, '1', '2025-10-01 00:00:00', '2025-12-31 23:59:59', 3),
('成人速成班', '成人班', 3, '王教练', 12.0, '2小时', 2500.0, '/images/course/adult.jpg', '专为上班族设计，短时间内快速掌握乒乓球技巧', 110, 42, 35, 20, 30, '1', '2025-10-01 00:00:00', '2025-12-31 23:59:59', 2),
('比赛实战班', '比赛班', 7, '杨教练', 20.0, '3小时', 5000.0, '/images/course/competition.jpg', '模拟比赛环境，提升实战能力及比赛心理素质', 60, 25, 18, 10, 12, '1', '2025-10-01 00:00:00', '2025-12-31 23:59:59', 4);

-- 11. 插入学生选课数据 (student_course_selection)
INSERT INTO student_course_selection (course_name, course_number, course_types, coach_user, coach_name, course_hours, duration_of_class_hours, course_prices, student_users, name, student_age, parents_phone_number, phone_number, pay_state, pay_type, coach_scheduling_limit_times, create_time, update_time, source_table, source_id, source_user_id, campus_id, status) VALUES
('基础乒乓球技巧', 'C001', '基础班', 1, '张教练', 20.0, '2小时', 3000.0, 13, '张小明', '18', '13800000001', '13800000101', '已支付', '微信支付', 10, '2025-09-25 11:00:00', '2025-09-25 11:00:00', 'course_information', 1, 1, 1, '1'),
('中级技术提升', 'C002', '中级班', 2, '李教练', 25.0, '2.5小时', 4000.0, 14, '李小红', '17', '13800000002', '13800000102', '已支付', '支付宝', 8, '2025-09-25 11:05:00', '2025-09-25 11:05:00', 'course_information', 2, 2, 1, '1'),
('基础乒乓球技巧', 'C001', '基础班', 1, '张教练', 20.0, '2小时', 3000.0, 15, '王小刚', '19', '13800000003', '13800000103', '已支付', '微信支付', 10, '2025-09-25 11:10:00', '2025-09-25 11:10:00', 'course_information', 1, 1, 1, '1'),
('高级战术训练', 'C003', '高级班', 5, '陈教练', 30.0, '3小时', 6000.0, 16, '赵小丽', '18', '13800000004', '13800000104', '已支付', '支付宝', 6, '2025-09-25 11:15:00', '2025-09-25 11:15:00', 'course_information', 3, 5, 3, '1'),
('少儿启蒙班', 'C004', '少儿班', 6, '刘教练', 15.0, '1.5小时', 2000.0, 17, '陈小强', '17', '13800000005', '13800000105', '已支付', '微信支付', 12, '2025-09-25 11:20:00', '2025-09-25 11:20:00', 'course_information', 4, 6, 2, '1'),
('成人速成班', 'C005', '成人班', 3, '王教练', 12.0, '2小时', 2500.0, 18, '刘小美', '18', '13800000006', '13800000106', '已支付', '支付宝', 15, '2025-09-25 11:25:00', '2025-09-25 11:25:00', 'course_information', 5, 3, 2, '1'),
('比赛实战班', 'C006', '比赛班', 7, '杨教练', 20.0, '3小时', 5000.0, 19, '杨小军', '19', '13800000007', '13800000107', '已支付', '微信支付', 8, '2025-09-25 11:30:00', '2025-09-25 11:30:00', 'course_information', 6, 7, 4, '1'),
('基础乒乓球技巧', 'C001', '基础班', 1, '张教练', 20.0, '2小时', 3000.0, 20, '黄小芳', '17', '13800000008', '13800000108', '已支付', '支付宝', 10, '2025-09-25 11:35:00', '2025-09-25 11:35:00', 'course_information', 1, 1, 2, '1'),
('中级技术提升', 'C002', '中级班', 2, '李教练', 25.0, '2.5小时', 4000.0, 21, '周小华', '18', '13800000009', '13800000109', '已支付', '微信支付', 8, '2025-09-25 11:40:00', '2025-09-25 11:40:00', 'course_information', 2, 2, 3, '1'),
('少儿启蒙班', 'C004', '少儿班', 6, '刘教练', 15.0, '1.5小时', 2000.0, 22, '吴小燕', '19', '13800000010', '13800000110', '已支付', '支付宝', 12, '2025-09-25 11:45:00', '2025-09-25 11:45:00', 'course_information', 4, 6, 3, '1');

-- 12. 插入教练排课数据 (coach_scheduling)
INSERT INTO coach_scheduling (course_name, course_number, coach_user, coach_name, student_users, name, schedule_date, scheduling_period, content_of_courses, source_id, source_user_id, campus_id) VALUES
('基础乒乓球技巧', 'C001', 1, '张教练', 13, '张小明', '2025-10-01', '上午', '握拍姿势、基本站位、正手攻球', 1, 1, 1),
('中级技术提升', 'C002', 2, '李教练', 14, '李小红', '2025-10-01', '上午', '反手推挡、正手拉球、基本步法', 2, 2, 1),
('基础乒乓球技巧', 'C001', 1, '张教练', 15, '王小刚', '2025-10-01', '下午', '发球技术、接发球、正手攻球', 1, 1, 1),
('高级战术训练', 'C003', 5, '陈教练', 16, '赵小丽', '2025-10-02', '上午', '战术配合、比赛心理、实战演练', 3, 5, 3),
('少儿启蒙班', 'C004', 6, '刘教练', 17, '陈小强', '2025-10-02', '上午', '球感训练、简单技术、趣味游戏', 4, 6, 2),
('成人速成班', 'C005', 3, '王教练', 18, '刘小美', '2025-10-02', '下午', '快速入门、实用技术、体能训练', 5, 3, 2),
('比赛实战班', 'C006', 7, '杨教练', 19, '杨小军', '2025-10-03', '上午', '模拟比赛、战术调整、心理建设', 6, 7, 4),
('基础乒乓球技巧', 'C001', 1, '张教练', 20, '黄小芳', '2025-10-03', '下午', '复习巩固、技术纠错、个性化指导', 1, 1, 2),
('中级技术提升', 'C002', 2, '李教练', 21, '周小华', '2025-10-04', '上午', '技术组合、战术意识、实战应用', 2, 2, 3),
('少儿启蒙班', 'C004', 6, '刘教练', 22, '吴小燕', '2025-10-04', '上午', '球感训练、简单技术、趣味游戏', 4, 6, 3);

-- 13. 插入教练消课数据 (coach_cancels_class)
INSERT INTO coach_cancels_class (course_name, course_number, coach_user, coach_name, student_users, name, schedule_date, scheduling_period, content_of_courses, duration_of_teaching_hours, course_notes, source_user_id, campus_id) VALUES
('基础乒乓球技巧', 'C001', 1, '张教练', 13, '张小明', '2025-10-01', '上午', '握拍姿势、基本站位、正手攻球', 1.5, '学员表现良好，技术掌握较快', 1, 1),
('中级技术提升', 'C002', 2, '李教练', 14, '李小红', '2025-10-01', '上午', '反手推挡、正手拉球、基本步法', 1.5, '需要加强步法训练', 2, 1),
('基础乒乓球技巧', 'C001', 1, '张教练', 15, '王小刚', '2025-10-01', '下午', '发球技术、接发球、正手攻球', 1.5, '发球技术还需练习', 1, 1),
('高级战术训练', 'C003', 5, '陈教练', 16, '赵小丽', '2025-10-02', '上午', '战术配合、比赛心理、实战演练', 2.0, '战术理解能力强', 5, 3),
('少儿启蒙班', 'C004', 6, '刘教练', 17, '陈小强', '2025-10-02', '上午', '球感训练、简单技术、趣味游戏', 1.0, '课堂参与度高', 6, 2);

-- 14. 插入教练双选数据 (coach_selection)
INSERT INTO coach_selection (student_id, coach_id, status) VALUES
(13, 1, '1'),
(14, 2, '1'),
(15, 1, '1'),
(16, 5, '1'),
(17, 6, '1'),
(18, 3, '1'),
(19, 7, '1'),
(20, 1, '1'),
(21, 2, '1'),
(22, 6, '1');

-- 15. 插入教学评价数据 (teaching_evaluation)
INSERT INTO teaching_evaluation (course_name, course_number, coach_user, coach_name, student_users, name, schedule_date, scheduling_period, content_of_courses, review_video, evaluation_content, source_user_id, campus_id) VALUES
('基础乒乓球技巧', 'C001', 1, '张教练', 13, '张小明', '2025-10-01', '上午', '握拍姿势、基本站位、正手攻球', '/videos/review1.mp4', '教练教学认真负责，讲解清晰易懂，课堂氛围很好。', 1, 1),
('中级技术提升', 'C002', 2, '李教练', 14, '李小红', '2025-10-01', '上午', '反手推挡、正手拉球、基本步法', '/videos/review2.mp4', '教练专业水平很高，能够针对学员特点进行个性化指导。', 2, 1),
('基础乒乓球技巧', 'C001', 1, '张教练', 15, '王小刚', '2025-10-01', '下午', '发球技术、接发球、正手攻球', '/videos/review3.mp4', '教练很有耐心，技术要点讲解详细，收获很大。', 1, 1),
('高级战术训练', 'C003', 5, '陈教练', 16, '赵小丽', '2025-10-02', '上午', '战术配合、比赛心理、实战演练', '/videos/review4.mp4', '教练经验丰富，战术讲解深入浅出，实战效果显著。', 5, 3),
('少儿启蒙班', 'C004', 6, '刘教练', 17, '陈小强', '2025-10-02', '上午', '球感训练、简单技术、趣味游戏', '/videos/review5.mp4', '教练很会调动课堂气氛，孩子很喜欢上这个课。', 6, 2);

-- 16. 插入月赛报名数据 (monthly_match_registration)
INSERT INTO monthly_match_registration (student_id, group_type, registration_fee, payment_status, registration_date) VALUES
(13, '甲', 30.00, '已支付', '2025-09-25 12:00:00'),
(14, '甲', 30.00, '已支付', '2025-09-25 12:05:00'),
(15, '甲', 30.00, '已支付', '2025-09-25 12:10:00'),
(16, '甲', 30.00, '已支付', '2025-09-25 12:15:00'),
(17, '甲', 30.00, '已支付', '2025-09-25 12:20:00'),
(18, '甲', 30.00, '已支付', '2025-09-25 12:25:00'),
(19, '乙', 30.00, '已支付', '2025-09-25 12:30:00'),
(20, '乙', 30.00, '已支付', '2025-09-25 12:35:00'),
(21, '乙', 30.00, '已支付', '2025-09-25 12:40:00'),
(22, '乙', 30.00, '已支付', '2025-09-25 12:45:00'),
(23, '乙', 30.00, '已支付', '2025-09-25 12:50:00'),
(24, '乙', 30.00, '已支付', '2025-09-25 12:55:00'),
(25, '丙', 30.00, '已支付', '2025-09-25 13:00:00'),
(26, '丙', 30.00, '已支付', '2025-09-25 13:05:00'),
(27, '丙', 30.00, '已支付', '2025-09-25 13:10:00'),
(28, '丙', 30.00, '已支付', '2025-09-25 13:15:00'),
(29, '丙', 30.00, '已支付', '2025-09-25 13:20:00'),
(30, '丙', 30.00, '已支付', '2025-09-25 13:25:00'),
(31, '甲', 30.00, '已支付', '2025-09-25 13:30:00'),
(32, '甲', 30.00, '已支付', '2025-09-25 13:35:00'),
(33, '乙', 30.00, '已支付', '2025-09-25 13:40:00'),
(34, '乙', 30.00, '已支付', '2025-09-25 13:45:00'),
(35, '丙', 30.00, '已支付', '2025-09-25 13:50:00'),
(36, '丙', 30.00, '已支付', '2025-09-25 13:55:00');

-- 17. 插入月赛赛程数据 (match_schedule)
INSERT INTO match_schedule (match_round, group_type, player1_id, player2_id, court_number, match_time) VALUES
(1, '甲', 13, 14, 1, '2025-10-10 09:00:00'),
(1, '甲', 15, 16, 2, '2025-10-10 09:00:00'),
(1, '甲', 17, 18, 3, '2025-10-10 09:00:00'),
(1, '甲', 31, 32, 4, '2025-10-10 09:00:00'),
(1, '乙', 19, 20, 1, '2025-10-10 09:30:00'),
(1, '乙', 21, 22, 2, '2025-10-10 09:30:00'),
(1, '乙', 23, 24, 3, '2025-10-10 09:30:00'),
(1, '丙', 25, 26, 1, '2025-10-10 10:00:00'),
(1, '丙', 27, 28, 2, '2025-10-10 10:00:00'),
(1, '丙', 29, 30, 3, '2025-10-10 10:00:00'),
(1, '丙', 35, 36, 4, '2025-10-10 10:00:00');

-- 18. 插入系统日志数据 (system_logs)
INSERT INTO system_logs (user_id, action_type, action_detail, action_time, ip_address) VALUES
(1, '登录', '用户admin001登录系统', '2025-09-25 09:00:00', '192.168.1.100'),
(2, '登录', '用户admin002登录系统', '2025-09-25 09:05:00', '192.168.1.101'),
(5, '登录', '用户coach001登录系统', '2025-09-25 09:10:00', '192.168.1.102'),
(13, '登录', '用户student001登录系统', '2025-09-25 09:15:00', '192.168.1.103'),
(1, '新增', '新增用户student024', '2025-09-25 09:20:00', '192.168.1.100'),
(5, '预约', '张教练新增预约课程', '2025-09-25 09:25:00', '192.168.1.102'),
(13, '选课', '张小明选择基础乒乓球技巧课程', '2025-09-25 09:30:00', '192.168.1.103'),
(1, '修改', '修改教练张教练信息', '2025-09-25 09:35:00', '192.168.1.100'),
(2, '删除', '删除过期课程信息', '2025-09-25 09:40:00', '192.168.1.101'),
(5, '评价', '张教练收到教学评价', '2025-09-25 09:45:00', '192.168.1.102');

-- 19. 插入系统消息数据 (system_messages)
INSERT INTO system_messages (sender_id, receiver_id, title, content, is_read, send_time, message_type) VALUES
(NULL, 13, '课程预约确认', '您预约的10月1日上午9:00的课程已确认', 0, '2025-09-25 10:00:00', 'BOOKING_CONFIRM'),
(NULL, 14, '课程预约确认', '您预约的10月1日上午10:00的课程已确认', 0, '2025-09-25 10:05:00', 'BOOKING_CONFIRM'),
(NULL, 16, '课程预约确认', '您预约的10月2日上午9:00的课程已确认', 0, '2025-09-25 10:15:00', 'BOOKING_CONFIRM'),
(NULL, 19, '课程预约确认', '您预约的10月3日上午9:00的课程已确认', 0, '2025-09-25 10:30:00', 'BOOKING_CONFIRM'),
(1, 5, '排课提醒', '请尽快为张小明安排10月份的课程', 0, '2025-09-25 11:00:00', 'COACH_SCHEDULE'),
(1, 2, '系统维护通知', '系统将于今晚23:00进行维护，预计维护时间2小时', 0, '2025-09-25 14:00:00', 'SYSTEM_MAINTENANCE'),
(NULL, 17, '月赛报名成功', '您已成功报名本月月赛，组别为乙组', 0, '2025-09-25 12:30:00', 'MATCH_REGISTRATION'),
(NULL, 25, '月赛报名成功', '您已成功报名本月月赛，组别为丙组', 0, '2025-09-25 13:00:00', 'MATCH_REGISTRATION');

COMMIT;